{
    "Testpfad": [
        [48.26782169066898, 10.836640338316577],
        [48.26794865659223, 10.836196049654118],
        [48.26857613989859, 10.833676043206749],
        [48.26912374663685, 10.831167702219904]
    ],
    "Testpfad2": [
        [48.33392765332287, 10.896268699975357],
        [48.33398718243934, 10.898036026453019],
        [48.33360264939957, 10.898970845200662]
    ],
    "Gruppe 2 - Hin": [
        [52.520007, 13.404954],
        [51.507351, -0.127758],
        [55.755826, 37.6173]
    ]
}
