{
    "WC24 (Chillig)": [
        [48.45098645578508, 10.574512393807442],
        [48.451442541816725, 10.577126233715475],
        [48.453554597164256, 10.5741827185058],
        [48.454872168609235, 10.572275263772998],
        [48.45374501205734, 10.562761554975122],
        [48.45362630706438, 10.560341497860543],
        [48.45514782089873, 10.557498186533296],
        [48.457003170472596, 10.547998780596592],
        [48.45314203027109, 10.544794374972128],
        [48.450022228688, 10.552633895483929],
        [48.44965252620442, 10.557155123028709],
        [48.44818645209985, 10.561403708090749],
        [48.44988822966925, 10.564437525027401],
        [48.450259893258504, 10.570177251934151],
        [48.451386332097414, 10.57455175563272]
    ],
    "WC24 (Challenge)": [
        [48.45098645578508, 10.574512393807442],
        [48.450259893258504, 10.570177251934151],
        [48.44988822966925, 10.564437525027401],
        [48.44818645209985, 10.561403708090749],
        [48.44965252620442, 10.557155123028709],
        [48.450022228688, 10.552633895483929],
        [48.45314203027109, 10.544794374972128],
        [48.457003170472596, 10.547998780596592],
        [48.45514782089873, 10.557498186533296],
        [48.45362630706438, 10.560341497860543],
        [48.45374501205734, 10.562761554975122],
        [48.454872168609235, 10.572275263772998],
        [48.453554597164256, 10.5741827185058],
        [48.451442541816725, 10.577126233715475],
        [48.451386332097414, 10.57455175563272]
    ],
    "Louisas Zerstörung": [
        [48.45098645578508, 10.574512393807442],
        [48.45122505687106, 10.575664898952212],
        [48.45334527955038, 10.574582993815095],
        [48.451116543781474, 10.576171480897715],
        [48.453573380596104, 10.576482706480787],
        [48.45495812726104, 10.578557934048055],
        [48.45635111784505, 10.58306089032751],
        [48.457677998353766, 10.58375628500255],
        [48.45927754800933, 10.583195039044421],
        [48.4579409923165, 10.57604533647962],
        [48.45599986688461, 10.572380660356812],
        [48.453351192858165, 10.568279515366726],
        [48.45184315542919, 10.567994993947815],
        [48.451196885659556, 10.571627137152944],
        [48.45331897670018, 10.574615144081703],
        [48.45136938066216, 10.574525317868106]
    ]
}
