{
    "Runde 1": [
        [48.450816333862264, 10.574540496752437],
        [48.451442541816725, 10.577126233715475],
        [48.453554597164256, 10.5741827185058],
        [48.454872168609235, 10.572275263772998],
        [48.45374501205734, 10.562761554975122],
        [48.45514782089873, 10.557498186533296],
        [48.457003170472596, 10.547998780596592],
        [48.45373272379662, 10.55011587701503],
        [48.450379596456116, 10.55274158384569],
        [48.44965252620442, 10.557155123028709],
        [48.44818645209985, 10.561403708090749],
        [48.44988822966925, 10.564437525027401],
        [48.450259893258504, 10.570177251934151],
        [48.451386332097414, 10.57455175563272]
    ],
    "Runde 2": [
        [48.450816333862264, 10.574540496752437],
        [48.450259893258504, 10.570177251934151],
        [48.44988822966925, 10.564437525027401],
        [48.44818645209985, 10.561403708090749],
        [48.44965252620442, 10.557155123028709],
        [48.450379596456116, 10.55274158384569],
        [48.45373272379662, 10.55011587701503],
        [48.457003170472596, 10.547998780596592],
        [48.45514782089873, 10.557498186533296],
        [48.45374501205734, 10.562761554975122],
        [48.454872168609235, 10.572275263772998],
        [48.453554597164256, 10.5741827185058],
        [48.451442541816725, 10.577126233715475],
        [48.451386332097414, 10.57455175563272]
    ]
}
