{
    "Gruppe 1 - Hin": [
        [52.520007, 13.404954],
        [51.507351, -0.127758],
        [55.755826, 37.6173]
    ],
    "Gruppe 2 - Hin": [
        [52.520007, 13.404954],
        [51.507351, -0.127758],
        [55.755826, 37.6173],
        [55.755826, 37.123]
    ]
}
