{
    "Ju+So": [
        [48.45119961937, 10.575268054243871],
        [48.45026671435617, 10.575605043231413],
        [48.44872246125727, 10.575772719797984],
        [48.450288933295795, 10.569752465308653],
        [48.450838502559336, 10.571281380267228],
        [48.45138825618364, 10.574107475114415]
    ],
    "Ki+Ka": [
        [48.45127025594571, 10.575206742471714],
        [48.45279206253482, 10.573958988247297],
        [48.45344398548555, 10.571579528046552],
        [48.453288304263765, 10.569970649741874],
        [48.45115000883957, 10.571111067056115],
        [48.45112869588946, 10.574455501442637]
    ]
}
